filename,label
hc21841535.jpg,jc
hc24801535.jpg,jc
hc24811535.jpg,jc
hc24821535.jpg,jc
hc24831535.jpg,jc
hc24841535.jpg,jc
hc24851535.jpg,jc
hc24861535.jpg,jc
hc24871535.jpg,jc
hc24881535.jpg,jc
hc24891535.jpg,jc
hc24901535.jpg,jc
hc24911535.jpg,jc
hc24921535.jpg,jc
hc24931535.jpg,jc
hc24941535.jpg,jc
hc24951535.jpg,jc
hc24961535.jpg,jc
hc24971535.jpg,jc
hc24981535.jpg,jc
hc24991535.jpg,jc
hc25001535.jpg,jc
hc25011535.jpg,jc
hc25021535.jpg,jc
hc25031535.jpg,jc
hc25041535.jpg,jc
hc25051535.jpg,jc
hc25061535.jpg,jc
hc25071535.jpg,jc
hc25081535.jpg,jc
hc25091535.jpg,jc
hc25101535.jpg,jc
hc25111535.jpg,jc
hc25121535.jpg,jc
hc25131535.jpg,jc
hc25141535.jpg,jc
hc25151535.jpg,jc
hc25161535.jpg,jc
hc25171535.jpg,jc
hc25181535.jpg,jc
hc25191535.jpg,jc
hc25201535.jpg,jc
hc25211535.jpg,jc
hc25221535.jpg,jc
hc25231535.jpg,jc
hc25241535.jpg,jc
hc25251535.jpg,jc
hc25261535.jpg,jc
hc25271535.jpg,jc
hc25281535.jpg,jc
hc25291535.jpg,jc
hc25301535.jpg,jc
hc25311535.jpg,jc
hc25321535.jpg,jc
hc25331535.jpg,jc
hc25341535.jpg,jc
hc25351535.jpg,jc
hc25361535.jpg,jc
hc25371535.jpg,jc
hc25381535.jpg,jc
hc25391535.jpg,jc
hc25401535.jpg,jc
hc25411535.jpg,jc
hc25421535.jpg,jc
hc25431535.jpg,jc
hc25441535.jpg,jc
hc25451535.jpg,jc
hc25461535.jpg,jc
hc25471535.jpg,jc
hc25481535.jpg,jc
hc25491535.jpg,jc
hc25501535.jpg,jc
hc25511535.jpg,jc
hc25521535.jpg,jc
hc25531535.jpg,jc
hc25541535.jpg,jc
hc25551535.jpg,jc
hc25561535.jpg,jc
hc25571535.jpg,jc
hc25581535.jpg,jc
hc25591535.jpg,jc
hc25601535.jpg,jc
hc25611535.jpg,jc
hc25621535.jpg,jc
hc25631535.jpg,jc
hc25641535.jpg,jc
hc25651535.jpg,jc
hc25661535.jpg,jc
hc25671535.jpg,jc
hc25681535.jpg,jc
hc25691535.jpg,jc
hc25701535.jpg,jc
hc25711535.jpg,jc
hc25721535.jpg,jc
hc25731535.jpg,jc
hc25741535.jpg,jc
hc25751535.jpg,jc
hc25761535.jpg,jc
hc25771535.jpg,jc
hc25781535.jpg,jc
hc25791535.jpg,jc
hc25801535.jpg,jc
hc25811535.jpg,jc
hc25821535.jpg,jc
hc25831535.jpg,jc
hc25841535.jpg,jc
hc25851535.jpg,jc
hc25861535.jpg,jc
hc25871535.jpg,jc
hc25881535.jpg,jc
hc25891535.jpg,jc
hc25901535.jpg,jc
hc25911535.jpg,jc
hc25921535.jpg,jc
hc25931535.jpg,jc
hc25941535.jpg,jc
hc25951535.jpg,jc
hc25961535.jpg,jc
hc25971535.jpg,jc
hc25981535.jpg,jc
hc25991535.jpg,jc
hc26001535.jpg,jc
hc26011535.jpg,jc
hc26021535.jpg,jc
hc26031535.jpg,jc
hc26041535.jpg,jc
hc26051535.jpg,jc
hc26061535.jpg,jc
hc26071535.jpg,jc
hc26081535.jpg,jc
hc26091535.jpg,jc
hc26101535.jpg,jc
hc26111535.jpg,jc
hc26121535.jpg,jc
hc26131535.jpg,jc
hc26141535.jpg,jc
hc26151535.jpg,jc
hc26161535.jpg,jc
hc26171535.jpg,jc
hc26181535.jpg,jc
hc26191535.jpg,jc
hc26201535.jpg,jc
hc26211535.jpg,jc
hc26221535.jpg,jc
hc26231535.jpg,jc
hc26241535.jpg,jc
hc26251535.jpg,jc
hc26261535.jpg,jc
hc26271535.jpg,jc
hc26281535.jpg,jc
hc26291535.jpg,jc
hc26301535.jpg,jc
hc26311535.jpg,jc
hc26321535.jpg,jc
hc26331535.jpg,jc
hc26341535.jpg,jc
hc26351535.jpg,jc
hc26361535.jpg,jc
hc26371535.jpg,jc
hc26381535.jpg,jc
hc26391535.jpg,jc
hc26401535.jpg,jc
hc26411535.jpg,jc
hc26421535.jpg,jc
hc26431535.jpg,jc
hc26441535.jpg,jc
hc26451535.jpg,jc
hc26461535.jpg,jc
hc26471535.jpg,jc
hc26481535.jpg,jc
hc26491535.jpg,jc
hc26501535.jpg,jc
hc26511535.jpg,jc
hc26521535.jpg,jc
hc26531535.jpg,jc
hc26541535.jpg,jc
hc26551535.jpg,jc
hc26561535.jpg,jc
hc26571535.jpg,jc
hc26581535.jpg,jc
hc26591535.jpg,jc
hc26601535.jpg,jc
hc26611535.jpg,jc
hc26621535.jpg,jc
hc26631535.jpg,jc
hc26641535.jpg,jc
hc26651535.jpg,jc
hc26661535.jpg,jc
hc26671535.jpg,jc
hc26681535.jpg,jc
hc26691535.jpg,jc
hc26701535.jpg,jc
hc26711535.jpg,jc
hc26721535.jpg,jc
hc26731535.jpg,jc
hc26741535.jpg,jc
hc26751535.jpg,jc
hc26761535.jpg,jc
hc26771535.jpg,jc
hc26781535.jpg,jc
hc04781440.jpg,xc
hc04791440.jpg,xc
hc04801440.jpg,xc
hc04811440.jpg,xc
hc04821440.jpg,xc
hc04831440.jpg,xc
hc04841440.jpg,xc
hc04851440.jpg,xc
hc04861440.jpg,xc
hc04871440.jpg,xc
hc04881440.jpg,xc
hc04891440.jpg,xc
hc04901440.jpg,xc
hc04911440.jpg,xc
hc04921440.jpg,xc
hc04931440.jpg,xc
hc04941440.jpg,xc
hc04951440.jpg,xc
hc04961440.jpg,xc
hc04971440.jpg,xc
hc04981440.jpg,xc
hc04991440.jpg,xc
hc05001440.jpg,xc
hc05011440.jpg,xc
hc05021440.jpg,xc
hc05031440.jpg,xc
hc05041440.jpg,xc
hc05051440.jpg,xc
hc05061440.jpg,xc
hc05071440.jpg,xc
hc05081440.jpg,xc
hc05091440.jpg,xc
hc05101440.jpg,xc
hc05111440.jpg,xc
hc05121440.jpg,xc
hc05131440.jpg,xc
hc05141440.jpg,xc
hc05151440.jpg,xc
hc05161440.jpg,xc
hc05171440.jpg,xc
hc05181440.jpg,xc
hc05191440.jpg,xc
hc05201440.jpg,xc
hc05211440.jpg,xc
hc05221440.jpg,xc
hc05231440.jpg,xc
hc05241440.jpg,xc
hc05251440.jpg,xc
hc05261440.jpg,xc
hc05271440.jpg,xc
hc05281440.jpg,xc
hc05291440.jpg,xc
hc05301440.jpg,xc
hc05311440.jpg,xc
hc05321440.jpg,xc
hc05331440.jpg,xc
hc05341440.jpg,xc
hc05351440.jpg,xc
hc05361440.jpg,xc
hc05371440.jpg,xc
hc05381440.jpg,xc
hc05391440.jpg,xc
hc05401440.jpg,xc
hc05411440.jpg,xc
hc05421440.jpg,xc
hc05431440.jpg,xc
hc05441440.jpg,xc
hc05451440.jpg,xc
hc05461440.jpg,xc
hc05471440.jpg,xc
hc03581440.jpg,xfc
hc03591440.jpg,xfc
hc03601440.jpg,xfc
hc03611440.jpg,xfc
hc03621440.jpg,xfc
hc03631440.jpg,xfc
hc03641440.jpg,xfc
hc03651440.jpg,xfc
hc03661440.jpg,xfc
hc03671440.jpg,xfc
hc03681440.jpg,xfc
hc03691440.jpg,xfc
hc03701440.jpg,xfc
hc03711440.jpg,xfc
hc03721440.jpg,xfc
hc03731440.jpg,xfc
hc03741440.jpg,xfc
hc03751440.jpg,xfc
hc03761440.jpg,xfc
hc03771440.jpg,xfc
hc03781440.jpg,xfc
hc03791440.jpg,xfc
hc03801440.jpg,xfc
hc03811440.jpg,xfc
hc03821440.jpg,xfc
hc03831440.jpg,xfc
hc03841440.jpg,xfc
hc03851440.jpg,xfc
hc03861440.jpg,xfc
hc03871440.jpg,xfc
hc03881440.jpg,xfc
hc03891440.jpg,xfc
hc03901440.jpg,xfc
hc03911440.jpg,xfc
hc03921440.jpg,xfc
hc03931440.jpg,xfc
hc03941440.jpg,xfc
hc03951440.jpg,xfc
hc03961440.jpg,xfc
hc03971440.jpg,xfc
hc03981440.jpg,xfc
hc03991440.jpg,xfc
hc04001440.jpg,xfc
hc04011440.jpg,xfc
hc04021440.jpg,xfc
hc04031440.jpg,xfc
hc04041440.jpg,xfc
hc04051440.jpg,xfc
hc04061440.jpg,xfc
hc04071440.jpg,xfc
hc04081440.jpg,xfc
hc04091440.jpg,xfc
hc04101440.jpg,xfc
hc04111440.jpg,xfc
hc04121440.jpg,xfc
hc04131440.jpg,xfc
hc04141440.jpg,xfc
hc04151440.jpg,xfc
hc04161440.jpg,xfc
hc04171440.jpg,xfc
hc04181440.jpg,xfc
hc04191440.jpg,xfc
hc04201440.jpg,xfc
hc04211440.jpg,xfc
hc04221440.jpg,xfc
hc04231440.jpg,xfc
hc04241440.jpg,xfc
hc04251440.jpg,xfc
hc04261440.jpg,xfc
hc04271440.jpg,xfc
hc04281440.jpg,xfc
hc04291440.jpg,xfc
hc04301440.jpg,xfc
hc04311440.jpg,xfc
hc04321440.jpg,xfc
hc04331440.jpg,xfc
hc04341440.jpg,xfc
hc04351440.jpg,xfc
hc04361440.jpg,xfc
hc04371440.jpg,xfc
hc05871440.jpg,yzc
hc05881440.jpg,yzc
hc05891440.jpg,yzc
hc05901440.jpg,yzc
hc40441535.jpg,yzc
hc40451535.jpg,yzc
hc40461535.jpg,yzc
hc40471535.jpg,yzc
hc40481535.jpg,yzc
hc40491535.jpg,yzc
hc40501535.jpg,yzc
hc40511535.jpg,yzc
hc40521535.jpg,yzc
hc40531535.jpg,yzc
hc40541535.jpg,yzc
hc40551535.jpg,yzc
hc40561535.jpg,yzc
hc40571535.jpg,yzc
hc40581535.jpg,yzc
hc40591535.jpg,yzc
hc40601535.jpg,yzc
hc40611535.jpg,yzc
hc40621535.jpg,yzc
hc40631535.jpg,yzc
hc40641535.jpg,yzc
hc40651535.jpg,yzc
hc40661535.jpg,yzc
hc40671535.jpg,yzc
hc40681535.jpg,yzc
hc40691535.jpg,yzc
hc40701535.jpg,yzc
hc40711535.jpg,yzc
hc40721535.jpg,yzc
hc40731535.jpg,yzc
hc40741535.jpg,yzc
hc40751535.jpg,yzc
hc40761535.jpg,yzc
hc40771535.jpg,yzc
hc40781535.jpg,yzc
hc40791535.jpg,yzc
hc40801535.jpg,yzc
hc40811535.jpg,yzc
hc40821535.jpg,yzc
hc40831535.jpg,yzc
hc40841535.jpg,yzc
hc40851535.jpg,yzc
hc40861535.jpg,yzc
hc40871535.jpg,yzc
hc40881535.jpg,yzc
hc40891535.jpg,yzc
hc40901535.jpg,yzc
hc40911535.jpg,yzc
hc40921535.jpg,yzc
hc40931535.jpg,yzc
hc40941535.jpg,yzc
hc40951535.jpg,yzc
hc40961535.jpg,yzc
hc40971535.jpg,yzc
hc40981535.jpg,yzc
hc40991535.jpg,yzc
hc41001535.jpg,yzc
hc41011535.jpg,yzc
hc41021535.jpg,yzc
hc41031535.jpg,yzc
hc41041535.jpg,yzc
hc41051535.jpg,yzc
hc41061535.jpg,yzc
hc41071535.jpg,yzc
hc41081535.jpg,yzc
hc41091535.jpg,yzc
hc41101535.jpg,yzc
hc41111535.jpg,yzc
hc41121535.jpg,yzc
hc41131535.jpg,yzc
hc41141535.jpg,yzc
hc41151535.jpg,yzc
hc41161535.jpg,yzc
hc41171535.jpg,yzc
hc41181535.jpg,yzc
hc41191535.jpg,yzc
